Season,Rank,Team,Record,Margin 3 Less,Margin 10 or More
2000,1,Los Angeles Lakers,67-15,8-1,34-7
2000,2,Portland Trail Blazers,59-23,4-7,32-7
2000,3,Indiana Pacers,56-26,8-5,28-13
2000,4,Utah Jazz,55-27,7-8,31-9
2000,5,Phoenix Suns,53-29,7-9,27-10
2000,6,San Antonio Spurs,53-29,8-7,31-11
2000,7,Miami Heat,52-30,9-2,26-15
2000,8,Minnesota Timberwolves,50-32,11-4,23-15
2000,9,New York Knicks,50-32,9-5,20-13
2000,10,Charlotte Hornets,49-33,7-5,24-16
2000,11,Philadelphia 76ers,49-33,17-8,18-14
2000,12,Seattle SuperSonics,45-37,8-7,22-17
2000,13,Toronto Raptors,45-37,13-4,20-20
2000,14,Sacramento Kings,44-38,3-6,28-16
2000,15,Detroit Pistons,42-40,6-6,21-16
2000,16,Milwaukee Bucks,42-40,11-7,18-17
2000,17,Orlando Magic,41-41,6-7,20-16
2000,18,Dallas Mavericks,40-42,6-7,18-19
2000,19,Boston Celtics,35-47,4-13,18-19
2000,20,Denver Nuggets,35-47,10-8,12-27
2000,21,Houston Rockets,34-48,6-7,16-22
2000,22,Cleveland Cavaliers,32-50,7-11,12-21
2000,23,New Jersey Nets,31-51,6-14,15-15
2000,24,Washington Wizards,29-53,2-10,15-22
2000,25,Atlanta Hawks,28-54,4-7,11-32
2000,26,Vancouver Grizzlies,22-60,5-10,10-33
2000,27,Golden State Warriors,19-63,2-4,10-39
2000,28,Chicago Bulls,17-65,6-9,3-38
2000,29,Los Angeles Clippers,15-67,3-5,3-47
2001,1,San Antonio Spurs,58-24,3-7,40-6
2001,2,Los Angeles Lakers,56-26,10-5,24-13
2001,3,Philadelphia 76ers,56-26,6-4,26-12
2001,4,Sacramento Kings,55-27,6-9,28-8
2001,5,Dallas Mavericks,53-29,4-5,28-14
2001,6,Utah Jazz,53-29,5-4,31-9
2001,7,Milwaukee Bucks,52-30,3-7,20-12
2001,8,Phoenix Suns,51-31,7-4,18-13
2001,9,Miami Heat,50-32,9-9,18-12
2001,10,Portland Trail Blazers,50-32,4-4,29-13
2001,11,New York Knicks,48-34,12-5,24-14
2001,12,Minnesota Timberwolves,47-35,7-4,22-14
2001,13,Toronto Raptors,47-35,6-7,26-15
2001,14,Charlotte Hornets,46-36,7-8,23-11
2001,15,Houston Rockets,45-37,4-10,25-14
2001,16,Seattle SuperSonics,44-38,10-4,20-18
2001,17,Orlando Magic,43-39,7-7,21-17
2001,18,Indiana Pacers,41-41,6-6,18-21
2001,19,Denver Nuggets,40-42,12-6,14-25
2001,20,Boston Celtics,36-46,10-7,11-20
2001,21,Detroit Pistons,32-50,2-3,16-17
2001,22,Los Angeles Clippers,31-51,5-8,13-25
2001,23,Cleveland Cavaliers,30-52,6-5,10-27
2001,24,New Jersey Nets,26-56,7-9,11-32
2001,25,Atlanta Hawks,25-57,5-4,10-25
2001,26,Vancouver Grizzlies,23-59,3-11,13-37
2001,27,Washington Wizards,19-63,3-7,4-31
2001,28,Golden State Warriors,17-65,6-5,6-40
2001,29,Chicago Bulls,15-67,3-4,3-37
2002,1,Sacramento Kings,61-21,6-1,39-15
2002,2,Los Angeles Lakers,58-24,7-5,33-10
2002,3,San Antonio Spurs,58-24,7-7,34-7
2002,4,Dallas Mavericks,57-25,6-6,31-11
2002,5,New Jersey Nets,52-30,9-6,26-14
2002,6,Detroit Pistons,50-32,9-8,19-14
2002,7,Minnesota Timberwolves,50-32,9-5,27-12
2002,8,Boston Celtics,49-33,8-9,19-13
2002,9,Portland Trail Blazers,49-33,5-9,20-17
2002,10,Seattle SuperSonics,45-37,6-8,30-15
2002,11,Charlotte Hornets,44-38,6-6,17-16
2002,12,Orlando Magic,44-38,4-3,23-19
2002,13,Utah Jazz,44-38,6-7,21-14
2002,14,Philadelphia 76ers,43-39,3-5,19-13
2002,15,Indiana Pacers,42-40,5-5,21-19
2002,16,Toronto Raptors,42-40,13-7,16-16
2002,17,Milwaukee Bucks,41-41,4-8,17-19
2002,18,Los Angeles Clippers,39-43,4-8,19-22
2002,19,Washington Wizards,37-45,7-6,14-17
2002,20,Miami Heat,36-46,10-5,14-14
2002,21,Phoenix Suns,36-46,9-7,17-19
2002,22,Atlanta Hawks,33-49,9-8,8-26
2002,23,New York Knicks,30-52,7-10,7-24
2002,24,Cleveland Cavaliers,29-53,2-8,15-25
2002,25,Houston Rockets,28-54,10-15,5-20
2002,26,Denver Nuggets,27-55,11-8,9-30
2002,27,Memphis Grizzlies,23-59,7-6,6-35
2002,28,Chicago Bulls,21-61,8-4,3-37
2002,29,Golden State Warriors,21-61,1-8,11-27
2003,1,Dallas Mavericks,60-22,6-7,36-6
2003,2,San Antonio Spurs,60-22,12-5,26-6
2003,3,Sacramento Kings,59-23,11-2,31-11
2003,4,Minnesota Timberwolves,51-31,5-3,21-15
2003,5,Detroit Pistons,50-32,10-9,27-11
2003,6,Los Angeles Lakers,50-32,8-5,26-14
2003,7,Portland Trail Blazers,50-32,8-7,25-12
2003,8,New Jersey Nets,49-33,2-7,31-8
2003,9,Indiana Pacers,48-34,9-7,23-14
2003,10,Philadelphia 76ers,48-34,8-6,20-12
2003,11,New Orleans Hornets,47-35,7-7,19-11
2003,12,Utah Jazz,47-35,6-8,28-17
2003,13,Boston Celtics,44-38,6-7,18-19
2003,14,Phoenix Suns,44-38,7-8,16-16
2003,15,Houston Rockets,43-39,3-10,24-17
2003,16,Milwaukee Bucks,42-40,6-9,13-15
2003,17,Orlando Magic,42-40,8-9,19-16
2003,18,Seattle SuperSonics,40-42,7-10,15-17
2003,19,Golden State Warriors,38-44,3-6,13-19
2003,20,New York Knicks,37-45,9-11,8-14
2003,21,Washington Wizards,37-45,10-6,11-18
2003,22,Atlanta Hawks,35-47,10-8,11-28
2003,23,Chicago Bulls,30-52,6-5,12-34
2003,24,Memphis Grizzlies,28-54,5-7,14-23
2003,25,Los Angeles Clippers,27-55,9-7,9-24
2003,26,Miami Heat,25-57,4-6,12-27
2003,27,Toronto Raptors,24-58,7-7,6-30
2003,28,Cleveland Cavaliers,17-65,6-5,6-38
2003,29,Denver Nuggets,17-65,4-8,9-37
2004,1,Indiana Pacers,61-21,7-6,30-8
2004,2,Minnesota Timberwolves,58-24,6-6,34-6
2004,3,San Antonio Spurs,57-25,6-8,38-5
2004,4,Los Angeles Lakers,56-26,14-5,24-16
2004,5,Sacramento Kings,55-27,5-4,29-9
2004,6,Detroit Pistons,54-28,6-12,30-4
2004,7,Dallas Mavericks,52-30,8-7,30-14
2004,8,Memphis Grizzlies,50-32,10-6,18-7
2004,9,New Jersey Nets,47-35,3-7,33-17
2004,10,Houston Rockets,45-37,8-6,21-13
2004,11,Denver Nuggets,43-39,3-9,23-19
2004,12,Miami Heat,42-40,6-7,20-21
2004,13,Utah Jazz,42-40,6-1,15-22
2004,14,Milwaukee Bucks,41-41,5-6,16-9
2004,15,New Orleans Hornets,41-41,9-5,18-17
2004,16,Portland Trail Blazers,41-41,8-5,11-21
2004,17,New York Knicks,39-43,6-6,16-22
2004,18,Golden State Warriors,37-45,7-7,16-21
2004,19,Seattle SuperSonics,37-45,6-7,17-23
2004,20,Boston Celtics,36-46,10-9,11-18
2004,21,Cleveland Cavaliers,35-47,8-4,11-25
2004,22,Philadelphia 76ers,33-49,6-6,13-23
2004,23,Toronto Raptors,33-49,10-10,9-22
2004,24,Phoenix Suns,29-53,5-5,9-26
2004,25,Atlanta Hawks,28-54,2-9,12-26
2004,26,Los Angeles Clippers,28-54,9-5,12-25
2004,27,Washington Wizards,25-57,3-4,13-34
2004,28,Chicago Bulls,23-59,2-5,8-32
2004,29,Orlando Magic,21-61,3-10,5-37
2005,1,Phoenix Suns,62-20,7-2,36-8
2005,2,Miami Heat,59-23,7-8,33-6
2005,3,San Antonio Spurs,59-23,9-7,40-5
2005,4,Dallas Mavericks,58-24,8-4,28-10
2005,5,Detroit Pistons,54-28,8-8,26-14
2005,6,Seattle SuperSonics,52-30,7-5,25-15
2005,7,Houston Rockets,51-31,12-6,28-11
2005,8,Sacramento Kings,50-32,10-7,20-15
2005,9,Denver Nuggets,49-33,8-4,25-18
2005,10,Chicago Bulls,47-35,7-5,15-15
2005,11,Boston Celtics,45-37,11-7,16-14
2005,12,Memphis Grizzlies,45-37,7-11,23-12
2005,13,Washington Wizards,45-37,14-6,16-16
2005,14,Indiana Pacers,44-38,9-9,18-12
2005,15,Minnesota Timberwolves,44-38,5-6,16-15
2005,16,Philadelphia 76ers,43-39,10-4,13-15
2005,17,New Jersey Nets,42-40,7-4,19-26
2005,18,Cleveland Cavaliers,42-40,4-5,27-20
2005,19,Los Angeles Clippers,37-45,4-13,15-19
2005,20,Orlando Magic,36-46,10-5,10-22
2005,21,Golden State Warriors,34-48,4-10,14-22
2005,22,Los Angeles Lakers,34-48,6-10,11-23
2005,23,New York Knicks,33-49,9-11,13-17
2005,24,Toronto Raptors,33-49,6-9,16-21
2005,25,Milwaukee Bucks,30-52,8-8,10-21
2005,26,Portland Trail Blazers,27-55,8-5,9-21
2005,27,Utah Jazz,26-56,6-10,13-31
2005,28,Charlotte Bobcats,18-64,5-16,6-29
2005,29,New Orleans Hornets,18-64,6-11,3-31
2005,30,Atlanta Hawks,13-69,2-8,3-43
2006,1,Detroit Pistons,64-18,7-4,32-8
2006,2,San Antonio Spurs,63-19,10-2,31-11
2006,3,Dallas Mavericks,60-22,11-6,28-10
2006,4,Phoenix Suns,54-28,0-7,34-9
2006,5,Miami Heat,52-30,8-4,27-11
2006,6,Cleveland Cavaliers,50-32,9-4,20-11
2006,7,Memphis Grizzlies,49-33,6-10,30-13
2006,8,New Jersey Nets,49-33,8-6,21-17
2006,9,Los Angeles Clippers,47-35,6-5,24-19
2006,10,Los Angeles Lakers,45-37,7-9,25-15
2006,11,Denver Nuggets,44-38,12-8,22-20
2006,12,Sacramento Kings,44-38,6-5,21-21
2006,13,Washington Wizards,42-40,5-8,24-16
2006,14,Chicago Bulls,41-41,6-10,14-16
2006,15,Indiana Pacers,41-41,4-10,26-14
2006,16,Utah Jazz,41-41,7-2,17-23
2006,17,Milwaukee Bucks,40-42,11-6,15-18
2006,18,New Orleans/Oklahoma City Hornets,38-44,7-5,14-28
2006,19,Philadelphia 76ers,38-44,9-7,12-21
2006,20,Orlando Magic,36-46,4-6,15-19
2006,21,Seattle SuperSonics,35-47,4-4,15-24
2006,22,Golden State Warriors,34-48,7-14,12-22
2006,23,Houston Rockets,34-48,7-9,13-19
2006,24,Boston Celtics,33-49,9-10,15-17
2006,25,Minnesota Timberwolves,33-49,4-10,16-19
2006,26,Toronto Raptors,27-55,5-11,12-20
2006,27,Atlanta Hawks,26-56,12-12,7-22
2006,28,Charlotte Bobcats,26-56,5-7,10-26
2006,29,New York Knicks,23-59,8-6,7-32
2006,30,Portland Trail Blazers,21-61,7-4,4-42
2007,1,Dallas Mavericks,67-15,12-3,36-9
2007,2,Phoenix Suns,61-21,5-4,32-4
2007,3,San Antonio Spurs,58-24,3-5,35-7
2007,4,Detroit Pistons,53-29,6-10,24-7
2007,5,Houston Rockets,52-30,4-4,25-13
2007,6,Utah Jazz,51-31,10-10,26-11
2007,7,Cleveland Cavaliers,50-32,9-7,25-11
2007,8,Chicago Bulls,49-33,9-9,28-15
2007,9,Toronto Raptors,47-35,11-6,23-18
2007,10,Denver Nuggets,45-37,3-7,23-17
2007,11,Miami Heat,44-38,13-6,16-22
2007,12,Golden State Warriors,42-40,8-8,26-21
2007,13,Los Angeles Lakers,42-40,5-4,18-16
2007,14,New Jersey Nets,41-41,6-8,17-17
2007,15,Washington Wizards,41-41,12-7,19-16
2007,16,Orlando Magic,40-42,10-7,20-19
2007,17,Los Angeles Clippers,40-42,5-6,20-25
2007,18,New Orleans/Oklahoma City Hornets,39-43,9-7,14-21
2007,19,Indiana Pacers,35-47,5-7,18-24
2007,20,Philadelphia 76ers,35-47,9-8,12-25
2007,21,Charlotte Bobcats,33-49,2-4,15-23
2007,22,New York Knicks,33-49,10-10,10-23
2007,23,Sacramento Kings,33-49,5-6,14-19
2007,24,Minnesota Timberwolves,32-50,7-10,9-25
2007,25,Portland Trail Blazers,32-50,11-7,9-29
2007,26,Seattle SuperSonics,31-51,10-10,14-23
2007,27,Atlanta Hawks,30-52,7-7,11-30
2007,28,Milwaukee Bucks,28-54,4-8,10-28
2007,29,Boston Celtics,24-58,4-12,7-20
2007,30,Memphis Grizzlies,22-60,5-12,8-26
2008,1,Boston Celtics,66-16,7-6,45-3
2008,2,Detroit Pistons,59-23,5-3,37-10
2008,3,Los Angeles Lakers,57-25,5-8,37-9
2008,4,New Orleans Hornets,56-26,8-4,37-15
2008,5,San Antonio Spurs,56-26,8-6,31-11
2008,6,Houston Rockets,55-27,9-3,31-11
2008,7,Phoenix Suns,55-27,3-5,31-9
2008,8,Utah Jazz,54-28,4-3,37-14
2008,9,Orlando Magic,52-30,6-6,34-12
2008,10,Dallas Mavericks,51-31,5-6,29-11
2008,11,Denver Nuggets,50-32,6-6,29-18
2008,12,Golden State Warriors,48-34,9-2,22-14
2008,13,Cleveland Cavaliers,45-37,10-8,10-17
2008,14,Washington Wizards,43-39,5-9,26-19
2008,15,Toronto Raptors,41-41,3-3,26-16
2008,16,Portland Trail Blazers,41-41,10-2,15-22
2008,17,Philadelphia 76ers,40-42,4-8,18-20
2008,18,Sacramento Kings,38-44,10-8,17-23
2008,19,Atlanta Hawks,37-45,6-5,11-24
2008,20,Indiana Pacers,36-46,4-3,14-22
2008,21,New Jersey Nets,34-48,7-3,8-31
2008,22,Chicago Bulls,33-49,4-3,19-29
2008,23,Charlotte Bobcats,32-50,8-6,12-24
2008,24,Milwaukee Bucks,26-56,6-9,5-29
2008,25,Los Angeles Clippers,23-59,2-5,10-35
2008,26,New York Knicks,23-59,4-5,6-33
2008,27,Memphis Grizzlies,22-60,2-11,10-37
2008,28,Minnesota Timberwolves,22-60,4-8,8-35
2008,29,Seattle SuperSonics,20-62,5-7,5-37
2008,30,Miami Heat,15-67,3-11,4-34
2009,1,Cleveland Cavaliers,66-16,3-3,41-7
2009,2,Los Angeles Lakers,65-17,7-5,35-7
2009,3,Boston Celtics,62-20,7-3,35-6
2009,4,Orlando Magic,59-23,9-2,32-10
2009,5,Denver Nuggets,54-28,8-5,32-14
2009,6,Portland Trail Blazers,54-28,9-1,31-11
2009,7,San Antonio Spurs,54-28,12-7,26-12
2009,8,Houston Rockets,53-29,5-8,29-11
2009,9,Dallas Mavericks,50-32,10-4,28-14
2009,10,New Orleans Hornets,49-33,8-1,23-17
2009,11,Utah Jazz,48-34,1-3,26-15
2009,12,Atlanta Hawks,47-35,5-7,18-13
2009,13,Phoenix Suns,46-36,5-3,23-21
2009,14,Miami Heat,43-39,7-6,16-17
2009,15,Chicago Bulls,41-41,4-8,18-19
2009,16,Philadelphia 76ers,41-41,6-9,15-19
2009,17,Detroit Pistons,39-43,5-6,12-16
2009,18,Indiana Pacers,36-46,9-12,9-15
2009,19,Charlotte Bobcats,35-47,5-5,14-18
2009,20,Milwaukee Bucks,34-48,5-3,16-21
2009,21,New Jersey Nets,34-48,6-8,18-24
2009,22,Toronto Raptors,33-49,3-4,15-24
2009,23,New York Knicks,32-50,1-4,12-20
2009,24,Golden State Warriors,29-53,3-6,13-25
2009,25,Memphis Grizzlies,24-58,2-4,11-38
2009,26,Minnesota Timberwolves,24-58,6-8,7-27
2009,27,Oklahoma City Thunder,23-59,7-9,6-34
2009,28,Los Angeles Clippers,19-63,4-8,10-41
2009,29,Washington Wizards,19-63,7-5,7-35
2009,30,Sacramento Kings,17-65,2-14,6-33
2010,1,Cleveland Cavaliers,61-21,7-8,32-5
2010,2,Orlando Magic,59-23,3-4,39-6
2010,3,Los Angeles Lakers,57-25,11-7,27-13
2010,4,Dallas Mavericks,55-27,9-2,21-14
2010,5,Phoenix Suns,54-28,5-4,31-10
2010,6,Atlanta Hawks,53-29,4-6,31-9
2010,7,Denver Nuggets,53-29,9-4,29-13
2010,8,Utah Jazz,53-29,5-3,32-14
2010,9,Boston Celtics,50-32,8-6,23-10
2010,10,Oklahoma City Thunder,50-32,7-11,25-9
2010,11,Portland Trail Blazers,50-32,6-3,24-13
2010,12,San Antonio Spurs,50-32,6-4,34-9
2010,13,Miami Heat,47-35,7-3,27-18
2010,14,Milwaukee Bucks,46-36,7-12,19-17
2010,15,Charlotte Bobcats,44-38,9-7,21-11
2010,16,Houston Rockets,42-40,5-5,17-15
2010,17,Chicago Bulls,41-41,7-5,15-21
2010,18,Memphis Grizzlies,40-42,6-4,17-26
2010,19,Toronto Raptors,40-42,6-5,19-24
2010,20,New Orleans Hornets,37-45,6-3,5-24
2010,21,Indiana Pacers,32-50,3-5,20-28
2010,22,Los Angeles Clippers,29-53,5-3,12-35
2010,23,New York Knicks,29-53,4-6,10-28
2010,24,Detroit Pistons,27-55,4-1,7-29
2010,25,Philadelphia 76ers,27-55,6-8,15-26
2010,26,Golden State Warriors,26-56,2-8,14-28
2010,27,Washington Wizards,26-56,5-12,11-31
2010,28,Sacramento Kings,25-57,6-7,10-27
2010,29,Minnesota Timberwolves,15-67,3-9,4-39
2010,30,New Jersey Nets,12-70,1-7,5-44
2011,1,Chicago Bulls,62-20,9-5,31-5
2011,2,San Antonio Spurs,61-21,7-4,32-9
2011,3,Miami Heat,58-24,2-8,35-6
2011,4,Dallas Mavericks,57-25,10-6,22-8
2011,5,Los Angeles Lakers,57-25,4-4,30-9
2011,6,Boston Celtics,56-26,8-8,30-7
2011,7,Oklahoma City Thunder,55-27,10-5,22-8
2011,8,Orlando Magic,52-30,6-7,33-9
2011,9,Denver Nuggets,50-32,7-8,29-10
2011,10,Portland Trail Blazers,48-34,7-4,19-15
2011,11,Memphis Grizzlies,46-36,9-10,23-12
2011,12,New Orleans Hornets,46-36,8-6,16-17
2011,13,Atlanta Hawks,44-38,7-1,21-21
2011,14,Houston Rockets,43-39,7-8,21-11
2011,15,New York Knicks,42-40,4-5,18-14
2011,16,Philadelphia 76ers,41-41,3-8,26-13
2011,17,Phoenix Suns,40-42,7-6,15-18
2011,18,Utah Jazz,39-43,6-4,16-24
2011,19,Indiana Pacers,37-45,7-6,19-28
2011,20,Golden State Warriors,36-46,4-4,14-24
2011,21,Milwaukee Bucks,35-47,3-8,16-21
2011,22,Charlotte Bobcats,34-48,11-7,9-24
2011,23,Los Angeles Clippers,32-50,4-5,9-24
2011,24,Detroit Pistons,30-52,3-7,13-27
2011,25,New Jersey Nets,24-58,7-7,4-34
2011,26,Sacramento Kings,24-58,8-8,7-23
2011,27,Washington Wizards,23-59,8-2,7-36
2011,28,Toronto Raptors,22-60,2-7,8-30
2011,29,Cleveland Cavaliers,19-63,2-5,2-38
2011,30,Minnesota Timberwolves,17-65,3-10,11-33
2012,1,Chicago Bulls,50-16,5-2,31-8
2012,2,San Antonio Spurs,50-16,5-4,31-7
2012,3,Oklahoma City Thunder,47-19,5-4,27-5
2012,4,Miami Heat,46-20,6-2,29-10
2012,5,Indiana Pacers,42-24,4-3,21-12
2012,6,Los Angeles Lakers,41-25,10-4,11-10
2012,7,Memphis Grizzlies,41-25,6-2,16-10
2012,8,Atlanta Hawks,40-26,6-8,17-13
2012,9,Los Angeles Clippers,40-26,7-6,17-7
2012,10,Boston Celtics,39-27,6-5,19-11
2012,11,Denver Nuggets,38-28,6-6,18-11
2012,12,Orlando Magic,37-29,2-5,18-16
2012,13,Dallas Mavericks,36-30,7-8,16-15
2012,14,New York Knicks,36-30,7-3,19-15
2012,15,Utah Jazz,36-30,7-6,15-14
2012,16,Philadelphia 76ers,35-31,1-4,28-12
2012,17,Houston Rockets,34-32,8-5,13-13
2012,18,Phoenix Suns,33-33,8-5,14-19
2012,19,Milwaukee Bucks,31-35,4-6,13-12
2012,20,Portland Trail Blazers,28-38,3-11,17-17
2012,21,Minnesota Timberwolves,26-40,7-7,13-16
2012,22,Detroit Pistons,25-41,7-4,12-27
2012,23,Golden State Warriors,23-43,5-12,7-16
2012,24,Toronto Raptors,23-43,1-7,12-21
2012,25,New Jersey Nets,22-44,6-2,8-26
2012,26,Sacramento Kings,22-44,6-7,6-24
2012,27,Cleveland Cavaliers,21-45,5-6,9-26
2012,28,New Orleans Hornets,21-45,4-9,6-19
2012,29,Washington Wizards,20-46,6-5,11-26
2012,30,Charlotte Bobcats,7-59,2-4,2-38
2013,1,Miami Heat,66-16,9-3,39-8
2013,2,Oklahoma City Thunder,60-22,3-6,44-6
2013,3,San Antonio Spurs,58-24,9-5,31-10
2013,4,Denver Nuggets,57-25,11-7,28-8
2013,5,Los Angeles Clippers,56-26,3-5,38-12
2013,6,Memphis Grizzlies,56-26,6-4,28-9
2013,7,New York Knicks,54-28,7-5,31-12
2013,8,Brooklyn Nets,49-33,9-4,23-17
2013,9,Indiana Pacers,49-32,4-9,27-14
2013,10,Golden State Warriors,47-35,5-3,20-18
2013,11,Chicago Bulls,45-37,11-7,16-16
2013,12,Houston Rockets,45-37,5-5,26-13
2013,13,Los Angeles Lakers,45-37,8-5,18-17
2013,14,Atlanta Hawks,44-38,5-5,19-20
2013,15,Utah Jazz,43-39,5-7,19-21
2013,16,Boston Celtics,41-40,8-7,18-23
2013,17,Dallas Mavericks,41-41,5-8,17-19
2013,18,Milwaukee Bucks,38-44,7-5,13-25
2013,19,Philadelphia 76ers,34-48,4-5,13-24
2013,20,Toronto Raptors,34-48,8-8,16-22
2013,21,Portland Trail Blazers,33-49,9-6,13-24
2013,22,Minnesota Timberwolves,31-51,3-10,15-26
2013,23,Detroit Pistons,29-53,6-10,15-29
2013,24,Washington Wizards,29-53,6-9,13-17
2013,25,Sacramento Kings,28-54,7-3,12-31
2013,26,New Orleans Hornets,27-55,7-5,10-27
2013,27,Phoenix Suns,25-57,6-8,10-31
2013,28,Cleveland Cavaliers,24-58,6-11,7-27
2013,29,Charlotte Bobcats,21-61,6-6,6-37
2013,30,Orlando Magic,20-62,2-9,8-30
2014,1,San Antonio Spurs,62-20,7-0,35-12
2014,2,Oklahoma City Thunder,59-23,10-4,33-8
2014,3,Los Angeles Clippers,57-25,4-3,30-9
2014,4,Indiana Pacers,56-26,4-3,29-17
2014,5,Houston Rockets,54-28,7-6,30-9
2014,6,Miami Heat,54-28,8-7,29-10
2014,7,Portland Trail Blazers,54-28,8-9,24-13
2014,8,Golden State Warriors,51-31,11-8,28-9
2014,9,Memphis Grizzlies,50-32,10-4,18-13
2014,10,Dallas Mavericks,49-33,11-11,23-10
2014,11,Chicago Bulls,48-34,6-5,27-19
2014,12,Toronto Raptors,48-34,3-8,24-6
2014,13,Phoenix Suns,48-34,2-9,19-7
2014,14,Brooklyn Nets,44-38,8-3,17-20
2014,15,Washington Wizards,44-38,5-9,19-14
2014,16,Charlotte Bobcats,43-39,8-8,18-19
2014,17,Minnesota Timberwolves,40-42,5-6,26-18
2014,18,Atlanta Hawks,38-44,8-9,15-16
2014,19,New York Knicks,37-45,3-8,19-22
2014,20,Denver Nuggets,36-46,8-5,16-24
2014,21,New Orleans Pelicans,34-48,7-8,10-21
2014,22,Cleveland Cavaliers,33-49,7-5,13-27
2014,23,Detroit Pistons,29-53,2-6,16-25
2014,24,Sacramento Kings,28-54,4-9,12-26
2014,25,Los Angeles Lakers,27-55,5-5,12-33
2014,26,Boston Celtics,25-57,5-9,9-23
2014,27,Utah Jazz,25-57,5-4,9-39
2014,28,Orlando Magic,23-59,5-7,10-30
2014,29,Philadelphia 76ers,19-63,6-3,4-46
2014,30,Milwaukee Bucks,15-67,4-5,4-33
2015,1,Golden State Warriors,67-15,5-3,45-9
2015,2,Atlanta Hawks,60-22,6-4,30-10
2015,3,Houston Rockets,56-26,8-4,31-14
2015,4,Los Angeles Clippers,56-26,3-5,33-9
2015,5,Memphis Grizzlies,55-27,9-3,26-13
2015,6,San Antonio Spurs,55-27,6-7,34-7
2015,7,Cleveland Cavaliers,53-29,6-4,30-14
2015,8,Portland Trail Blazers,51-31,5-1,30-11
2015,9,Chicago Bulls,50-32,7-2,20-16
2015,10,Dallas Mavericks,50-32,5-4,22-18
2015,11,Toronto Raptors,49-33,6-5,29-11
2015,12,Washington Wizards,46-36,9-4,21-14
2015,13,New Orleans Pelicans,45-37,10-4,19-14
2015,14,Oklahoma City Thunder,45-37,4-8,26-14
2015,15,Milwaukee Bucks,41-41,5-9,17-16
2015,16,Boston Celtics,40-42,8-6,17-14
2015,17,Phoenix Suns,39-43,4-12,14-19
2015,18,Brooklyn Nets,38-44,10-2,15-23
2015,19,Indiana Pacers,38-44,4-12,19-20
2015,20,Utah Jazz,38-44,5-10,18-19
2015,21,Miami Heat,37-45,4-10,15-28
2015,22,Charlotte Hornets,33-49,6-8,13-22
2015,23,Detroit Pistons,32-50,7-6,19-25
2015,24,Denver Nuggets,30-52,4-4,17-28
2015,25,Sacramento Kings,29-53,6-4,12-28
2015,26,Orlando Magic,25-57,6-8,4-27
2015,27,Los Angeles Lakers,21-61,6-6,5-30
2015,28,Philadelphia 76ers,18-64,3-7,5-41
2015,29,New York Knicks,17-65,2-7,3-39
2015,30,Minnesota Timberwolves,16-66,6-6,4-40
2016,1,Golden State Warriors,73-9,7-2,44-5
2016,2,San Antonio Spurs,67-15,4-4,44-6
2016,3,Cleveland Cavaliers,57-25,4-7,32-8
2016,4,Toronto Raptors,56-26,6-6,28-10
2016,5,Oklahoma City Thunder,55-27,8-6,33-5
2016,6,Los Angeles Clippers,53-29,8-4,28-15
2016,7,Atlanta Hawks,48-34,5-7,29-17
2016,8,Boston Celtics,48-34,5-7,26-13
2016,9,Charlotte Hornets,48-34,6-5,25-17
2016,10,Miami Heat,48-34,7-5,24-20
2016,11,Indiana Pacers,45-37,9-9,21-13
2016,12,Detroit Pistons,44-38,6-5,21-20
2016,13,Portland Trail Blazers,44-38,2-7,23-21
2016,14,Dallas Mavericks,42-40,6-11,19-18
2016,15,Memphis Grizzlies,42-40,8-3,15-23
2016,16,Chicago Bulls,42-40,10-4,14-19
2016,17,Houston Rockets,41-41,5-8,14-18
2016,18,Washington Wizards,41-41,7-6,22-22
2016,19,Utah Jazz,40-42,6-8,23-13
2016,20,Orlando Magic,35-47,6-10,12-20
2016,21,Denver Nuggets,33-49,10-5,11-21
2016,22,Milwaukee Bucks,33-49,6-4,12-27
2016,23,Sacramento Kings,33-49,8-4,11-19
2016,24,New York Knicks,32-50,4-7,14-23
2016,25,New Orleans Pelicans,30-52,5-5,11-23
2016,26,Minnesota Timberwolves,29-53,7-7,9-23
2016,27,Phoenix Suns,23-59,4-5,10-32
2016,28,Brooklyn Nets,21-61,7-4,6-34
2016,29,Los Angeles Lakers,17-65,2-7,4-44
2016,30,Philadelphia 76ers,10-72,0-6,5-41
2017,1,Golden State Warriors,67-15,3-4,48-6
2017,2,San Antonio Spurs,61-21,8-5,30-8
2017,3,Houston Rockets,55-27,8-3,30-11
2017,4,Boston Celtics,53-29,7-6,17-11
2017,5,Cleveland Cavaliers,51-31,3-4,25-15
2017,6,Los Angeles Clippers,51-31,3-6,33-14
2017,7,Toronto Raptors,51-31,8-7,26-8
2017,8,Utah Jazz,51-31,4-4,23-10
2017,9,Washington Wizards,49-33,9-6,18-12
2017,10,Oklahoma City Thunder,47-35,12-7,23-21
2017,11,Atlanta Hawks,43-39,7-8,17-21
2017,12,Memphis Grizzlies,43-39,7-5,17-20
2017,13,Indiana Pacers,42-40,4-2,23-19
2017,14,Milwaukee Bucks,42-40,8-2,21-22
2017,15,Chicago Bulls,41-41,5-6,17-23
2017,16,Portland Trail Blazers,41-41,7-11,18-16
2017,17,Miami Heat,41-41,8-6,19-13
2017,18,Denver Nuggets,40-42,5-10,24-19
2017,19,Detroit Pistons,37-45,5-7,23-26
2017,20,Charlotte Hornets,36-46,0-9,19-18
2017,21,New Orleans Pelicans,34-48,7-6,17-22
2017,22,Dallas Mavericks,33-49,4-6,14-26
2017,23,Sacramento Kings,32-50,10-6,9-27
2017,24,Minnesota Timberwolves,31-51,7-10,18-19
2017,25,New York Knicks,31-51,7-10,10-25
2017,26,Orlando Magic,29-53,5-5,10-32
2017,27,Philadelphia 76ers,28-54,9-8,7-29
2017,28,Los Angeles Lakers,26-56,2-4,14-31
2017,29,Phoenix Suns,24-58,9-5,7-32
2017,30,Brooklyn Nets,20-62,3-6,9-30
2018,1,Houston Rockets,65-17,5-3,38-8
2018,2,Toronto Raptors,59-23,5-7,33-5
2018,3,Golden State Warriors,58-24,5-1,38-13
2018,4,Boston Celtics,55-27,11-8,25-9
2018,5,Philadelphia 76ers,52-30,4-7,31-11
2018,6,Cleveland Cavaliers,50-32,8-5,17-20
2018,7,Portland Trail Blazers,49-33,8-8,20-12
2018,8,Indiana Pacers,48-34,11-2,20-16
2018,9,New Orleans Pelicans,48-34,7-3,19-16
2018,10,Oklahoma City Thunder,48-34,8-10,24-11
2018,11,Utah Jazz,48-34,4-5,31-19
2018,12,Minnesota Timberwolves,47-35,7-7,25-12
2018,13,San Antonio Spurs,47-35,8-10,25-17
2018,14,Denver Nuggets,46-36,10-5,21-15
2018,15,Miami Heat,44-38,9-9,16-13
2018,16,Milwaukee Bucks,44-38,7-4,14-16
2018,17,Washington Wizards,43-39,5-7,22-12
2018,18,Los Angeles Clippers,42-40,8-2,22-19
2018,19,Detroit Pistons,39-43,4-7,19-23
2018,20,Charlotte Hornets,36-46,1-5,23-23
2018,21,Los Angeles Lakers,35-47,6-7,18-21
2018,22,New York Knicks,29-53,2-7,15-30
2018,23,Brooklyn Nets,28-54,5-7,9-27
2018,24,Chicago Bulls,27-55,9-5,6-30
2018,25,Sacramento Kings,27-55,6-5,5-32
2018,26,Orlando Magic,25-57,3-5,10-27
2018,27,Atlanta Hawks,24-58,6-8,8-35
2018,28,Dallas Mavericks,24-58,2-9,11-20
2018,29,Memphis Grizzlies,22-60,5-12,8-26
2018,30,Phoenix Suns,21-61,6-5,5-40
2019,1,Milwaukee Bucks,60-22,5-6,45-5
2019,2,Toronto Raptors,58-24,11-7,33-9
2019,3,Golden State Warriors,57-25,7-7,34-10
2019,4,Denver Nuggets,54-28,13-3,23-11
2019,5,Houston Rockets,53-29,5-7,29-12
2019,6,Portland Trail Blazers,53-29,4-6,29-8
2019,7,Philadelphia 76ers,51-31,10-8,22-16
2019,8,Utah Jazz,50-32,0-7,34-12
2019,9,Boston Celtics,49-33,5-6,24-12
2019,10,Oklahoma City Thunder,49-33,6-7,23-12
2019,11,Indiana Pacers,48-34,6-6,23-16
2019,12,Los Angeles Clippers,48-34,6-2,23-18
2019,13,San Antonio Spurs,48-34,7-4,25-16
2019,14,Brooklyn Nets,42-40,12-8,16-22
2019,15,Orlando Magic,42-40,5-6,21-21
2019,16,Detroit Pistons,41-41,6-9,16-21
2019,17,Charlotte Hornets,39-43,6-10,21-20
2019,18,Miami Heat,39-43,6-9,16-20
2019,19,Sacramento Kings,39-43,6-7,16-18
2019,20,Los Angeles Lakers,37-45,5-4,16-25
2019,21,Minnesota Timberwolves,36-46,8-5,19-22
2019,22,Dallas Mavericks,33-49,7-7,12-22
2019,23,Memphis Grizzlies,33-49,6-9,14-19
2019,24,New Orleans Pelicans,33-49,4-6,15-20
2019,25,Washington Wizards,32-50,5-6,14-23
2019,26,Atlanta Hawks,29-53,9-6,7-31
2019,27,Chicago Bulls,22-60,8-8,9-31
2019,28,Cleveland Cavaliers,19-63,5-4,6-43
2019,29,Phoenix Suns,19-63,5-5,5-40
2019,30,New York Knicks,17-65,4-7,6-41
2020,1,Milwaukee Bucks,56-17,3-2,38-8
2020,2,Toronto Raptors,53-19,6-4,23-10
2020,3,Los Angeles Lakers,52-19,7-3,25-11
2020,4,Los Angeles Clippers,49-23,8-3,32-8
2020,5,Boston Celtics,48-24,6-5,29-7
2020,6,Denver Nuggets,46-27,9-5,16-13
2020,7,Indiana Pacers,45-28,5-7,20-12
2020,8,Houston Rockets,44-28,4-5,22-14
2020,9,Miami Heat,44-29,6-4,23-11
2020,10,Oklahoma City Thunder,44-28,8-6,18-10
2020,11,Utah Jazz,44-28,7-5,18-11
2020,12,Dallas Mavericks,43-32,2-11,23-9
2020,13,Philadelphia 76ers,43-30,6-5,19-15
2020,14,Brooklyn Nets,35-37,7-7,17-19
2020,15,Portland Trail Blazers,35-39,9-3,17-18
2020,16,Memphis Grizzlies,34-39,3-4,18-21
2020,17,Phoenix Suns,34-39,4-8,15-18
2020,18,Orlando Magic,33-40,5-5,18-20
2020,19,San Antonio Spurs,32-39,10-7,10-12
2020,20,Sacramento Kings,31-41,6-8,12-18
2020,21,New Orleans Pelicans,30-42,2-6,18-15
2020,22,Washington Wizards,25-47,1-4,12-25
2020,23,Charlotte Hornets,23-42,9-8,5-25
2020,24,Chicago Bulls,22-43,6-6,7-19
2020,25,New York Knicks,21-45,7-6,8-21
2020,26,Atlanta Hawks,20-47,1-5,8-29
2020,27,Detroit Pistons,20-46,4-6,9-26
2020,28,Cleveland Cavaliers,19-46,5-5,6-28
2020,29,Minnesota Timberwolves,19-45,3-4,10-21
2020,30,Golden State Warriors,15-50,1-3,8-30
2021,1,Utah Jazz,52-20,3-2,39-7
2021,2,Phoenix Suns,51-21,9-3,23-8
2021,3,Philadelphia 76ers,49-23,7-3,27-12
2021,4,Brooklyn Nets,48-24,3-5,24-11
2021,5,Denver Nuggets,47-25,6-4,29-11
2021,6,Los Angeles Clippers,47-25,3-4,31-7
2021,7,Milwaukee Bucks,46-26,6-5,29-12
2021,8,Dallas Mavericks,42-30,5-4,26-17
2021,9,Los Angeles Lakers,42-30,7-5,22-13
2021,10,Portland Trail Blazers,42-30,10-9,19-12
2021,11,Atlanta Hawks,41-31,3-3,25-15
2021,12,New York Knicks,41-31,2-9,24-15
2021,13,Miami Heat,40-32,4-5,17-17
2021,14,Golden State Warriors,39-33,6-4,25-18
2021,15,Memphis Grizzlies,38-34,3-7,23-21
2021,16,Boston Celtics,36-36,7-5,17-12
2021,17,Washington Wizards,34-38,11-8,14-20
2021,18,Indiana Pacers,34-38,5-4,15-17
2021,19,Charlotte Hornets,33-39,9-4,14-24
2021,20,San Antonio Spurs,33-39,7-8,18-20
2021,21,Chicago Bulls,31-41,3-5,16-20
2021,22,New Orleans Pelicans,31-41,3-10,13-21
2021,23,Sacramento Kings,31-41,10-5,12-22
2021,24,Toronto Raptors,27-45,3-6,17-19
2021,25,Minnesota Timberwolves,23-49,4-6,9-25
2021,26,Cleveland Cavaliers,22-50,4-2,11-37
2021,27,Oklahoma City Thunder,22-50,7-5,5-36
2021,28,Orlando Magic,21-51,3-5,6-35
2021,29,Detroit Pistons,20-52,1-8,14-31
2021,30,Houston Rockets,17-55,3-4,8-37
2022,1,Phoenix Suns,64-18,6-2,37-9
2022,2,Memphis Grizzlies,56-26,5-3,33-17
2022,3,Golden State Warriors,53-29,6-5,34-10
2022,4,Miami Heat,53-29,3-6,31-15
2022,5,Dallas Mavericks,52-30,7-5,27-14
2022,6,Boston Celtics,51-31,3-9,35-9
2022,7,Milwaukee Bucks,51-31,4-2,31-15
2022,8,Philadelphia 76ers,51-31,6-6,28-11
2022,9,Utah Jazz,49-33,1-6,34-10
2022,10,Denver Nuggets,48-34,8-3,23-20
2022,11,Toronto Raptors,48-34,7-6,25-14
2022,12,Chicago Bulls,46-36,4-4,23-20
2022,13,Minnesota Timberwolves,46-36,4-4,28-21
2022,14,Brooklyn Nets,44-38,8-4,20-20
2022,15,Cleveland Cavaliers,44-38,10-4,22-19
2022,16,Atlanta Hawks,43-39,7-3,24-18
2022,17,Charlotte Hornets,43-39,6-8,24-23
2022,18,Los Angeles Clippers,42-40,10-5,20-21
2022,19,New York Knicks,37-45,5-6,19-23
2022,20,New Orleans Pelicans,36-46,4-3,23-30
2022,21,Washington Wizards,35-47,12-6,11-27
2022,22,San Antonio Spurs,34-48,6-5,19-24
2022,23,Los Angeles Lakers,33-49,5-7,13-22
2022,24,Sacramento Kings,30-52,7-8,11-30
2022,25,Portland Trail Blazers,27-55,1-5,11-41
2022,26,Indiana Pacers,25-57,3-14,14-19
2022,27,Oklahoma City Thunder,24-58,7-6,9-32
2022,28,Detroit Pistons,23-59,7-6,6-33
2022,29,Orlando Magic,22-60,2-7,6-39
2022,30,Houston Rockets,20-62,3-9,9-44
2023,1,Milwaukee Bucks,58-24,6-1,30-15
2023,2,Boston Celtics,57-25,5-8,31-11
2023,3,Philadelphia 76ers,54-28,10-5,26-11
2023,4,Denver Nuggets,53-29,7-6,29-15
2023,5,Cleveland Cavaliers,51-31,5-8,33-11
2023,6,Memphis Grizzlies,51-31,3-6,31-17
2023,7,Sacramento Kings,48-34,9-7,19-13
2023,8,New York Knicks,47-35,10-4,23-13
2023,9,Brooklyn Nets,45-37,10-4,22-17
2023,10,Phoenix Suns,45-37,4-9,28-17
2023,11,Golden State Warriors,44-38,4-8,24-16
2023,12,Los Angeles Clippers,44-38,4-6,20-21
2023,13,Miami Heat,44-38,14-8,12-13
2023,14,Los Angeles Lakers,43-39,8-5,19-19
2023,15,Minnesota Timberwolves,42-40,6-7,15-16
2023,16,New Orleans Pelicans,42-40,4-6,25-20
2023,17,Atlanta Hawks,41-41,10-7,19-15
2023,18,Toronto Raptors,41-41,4-10,23-16
2023,19,Chicago Bulls,40-42,4-7,24-19
2023,20,Oklahoma City Thunder,40-42,7-7,21-15
2023,21,Dallas Mavericks,38-44,8-12,11-12
2023,22,Utah Jazz,37-45,10-8,13-16
2023,23,Indiana Pacers,35-47,8-7,9-25
2023,24,Washington Wizards,35-47,7-6,19-21
2023,25,Orlando Magic,34-48,5-6,16-24
2023,26,Portland Trail Blazers,33-49,8-7,18-28
2023,27,Charlotte Hornets,27-55,3-3,8-35
2023,28,Houston Rockets,22-60,5-4,6-36
2023,29,San Antonio Spurs,22-60,3-3,6-42
2023,30,Detroit Pistons,17-65,2-8,6-37
2024,1,Boston Celtics,64-18,6-7,42-5
2024,2,Denver Nuggets,57-25,6-6,28-10
2024,3,Oklahoma City Thunder,57-25,6-3,32-10
2024,4,Minnesota Timberwolves,56-26,7-6,32-10
2024,5,Los Angeles Clippers,51-31,6-4,28-17
2024,6,Dallas Mavericks,50-32,5-2,31-21
2024,7,New York Knicks,50-32,4-3,32-16
2024,8,Milwaukee Bucks,49-33,4-6,25-16
2024,9,New Orleans Pelicans,49-33,1-7,32-18
2024,10,Phoenix Suns,49-33,8-6,29-14
2024,11,Cleveland Cavaliers,48-34,9-5,24-16
2024,12,Indiana Pacers,47-35,6-5,30-16
2024,13,Los Angeles Lakers,47-35,11-4,20-25
2024,14,Orlando Magic,47-35,6-9,27-20
2024,15,Philadelphia 76ers,47-35,3-4,27-18
2024,16,Miami Heat,46-36,8-4,21-15
2024,17,Golden State Warriors,46-36,4-11,24-12
2024,18,Sacramento Kings,46-36,6-5,26-19
2024,19,Houston Rockets,41-41,8-5,23-17
2024,20,Chicago Bulls,39-43,6-8,12-25
2024,21,Atlanta Hawks,36-46,9-6,15-21
2024,22,Brooklyn Nets,32-50,4-6,17-28
2024,23,Utah Jazz,31-51,5-8,15-33
2024,24,Memphis Grizzlies,27-55,6-3,11-31
2024,25,Toronto Raptors,25-57,5-10,10-30
2024,26,San Antonio Spurs,22-60,5-7,12-31
2024,27,Charlotte Hornets,21-61,7-3,5-43
2024,28,Portland Trail Blazers,21-61,5-6,5-38
2024,29,Washington Wizards,15-67,4-5,6-35
2024,30,Detroit Pistons,14-68,1-7,8-39